order_id,product_id,quantity
O0834,P014,1
O0584,P023,5
O0288,P039,5
O0173,P021,3
O0297,P037,3
O0976,P033,1
O0139,P049,4
O0941,P004,3
O0888,P042,2
O0719,P009,2
O0150,P046,3
O0849,P016,4
O0502,P010,5
O0648,P018,4
O0385,P029,1
O0649,P050,1
O0413,P033,3
O0712,P024,4
O0974,P032,3
O0596,P001,1
O0749,P030,3
O0871,P005,5
O0408,P014,4
O0845,P014,4
O0275,P021,3
O0346,P036,5
O0134,P037,4
O0808,P022,1
O0048,P007,4
O0017,P008,2
O0452,P030,1
O0982,P028,2
O0706,P009,3
O0163,P018,1
O0671,P024,3
O0085,P024,2
O0054,P026,3
O0744,P045,2
O0440,P042,1
O0721,P007,1
O0219,P031,1
O0136,P038,2
O0532,P044,4
O0010,P001,3
O0837,P008,4
O0711,P009,4
O0073,P015,4
O0092,P047,1
O0106,P021,3
O0903,P020,2
O0392,P050,2
O0657,P044,2
O0071,P034,5
O0009,P040,2
O0451,P023,2
O0644,P048,2
O0942,P027,5
O0704,P029,2
O0089,P007,2
O0771,P008,5
O0748,P025,3
O0987,P028,3
O0811,P009,2
O0284,P042,1
O0255,P036,5
O0615,P047,5
O0292,P050,1
O0869,P043,3
O0211,P034,5
O0522,P013,4
O0303,P042,1
O0803,P016,4
O0396,P008,2
O0512,P041,5
O0073,P034,1
O0370,P021,2
O0397,P037,4
O0375,P035,2
O0782,P031,1
O0018,P038,1
O0015,P017,2
O0041,P004,4
O0519,P019,5
O0786,P027,4
O0719,P026,1
O0656,P035,5
O0631,P010,3
O0086,P020,1
O0524,P014,2
O0550,P021,4
O0601,P041,1
O0318,P045,4
O0748,P016,1
O0251,P006,4
O0119,P030,5
O0624,P004,3
O0683,P048,2
O0123,P001,2
O0719,P001,2
O0509,P023,5
O0530,P047,3
O0171,P024,2
O0768,P050,3
O0751,P008,1
O0344,P028,3
O0537,P005,3
O0730,P037,1
O0509,P030,5
O0369,P004,4
O0880,P037,2
O0377,P011,3
O0792,P007,5
O0691,P047,1
O0234,P048,5
O0003,P003,1
O0251,P003,4
O0373,P025,2
O0184,P003,5
O0823,P046,4
O0230,P021,2
O0427,P047,3
O0278,P005,5
O0382,P008,5
O0690,P004,2
O0229,P034,1
O0977,P026,1
O0899,P030,3
O0793,P020,3
O0089,P036,4
O0009,P024,2
O0299,P037,3
O0758,P040,2
O0476,P024,5
O0996,P032,2
O0751,P035,2
O0155,P001,4
O0025,P015,5
O0355,P041,1
O0974,P022,1
O0778,P043,4
O0870,P048,3
O0107,P014,5
O0244,P027,4
O0985,P004,2
O0729,P018,1
O0045,P015,5
O0423,P045,3
O0470,P048,1
O0595,P007,5
O0137,P041,4
O0077,P038,5
O0064,P028,2
O0243,P019,3
O0872,P021,4
O0718,P048,3
O0326,P029,3
O0240,P005,2
O0140,P050,5
O0112,P010,1
O0169,P029,4
O0322,P027,1
O0549,P023,2
O0463,P020,4
O0272,P008,1
O0162,P044,3
O0847,P046,5
O0042,P014,3
O0152,P006,2
O0992,P023,4
O0526,P004,3
O0267,P012,1
O0975,P026,4
O0570,P048,5
O0256,P007,4
O0105,P009,1
O0013,P004,2
O0134,P013,4
O0382,P044,1
O0597,P038,3
O0940,P005,1
O0067,P013,4
O0829,P009,1
O0927,P022,1
O0044,P030,1
O0173,P037,4
O0842,P047,4
O0509,P002,4
O0700,P028,2
O0363,P014,2
O0282,P018,4
O0905,P010,1
O0629,P040,5
O0252,P042,3
O0511,P027,5
O0491,P004,1
O0287,P025,2
O0430,P013,5
O0256,P041,5
O0814,P002,4
O0801,P046,3
O0492,P035,4
O0353,P037,5
O0330,P025,3
O0185,P002,3
O0612,P015,1
O0918,P050,3
O0060,P031,5
O0367,P050,5
O0239,P011,1
O0254,P043,2
O0273,P035,1
O0783,P015,5
O0867,P025,3
O0958,P012,2
O0243,P038,3
O0826,P048,3
O0936,P038,1
O0721,P045,3
O0971,P037,5
O0146,P037,2
O0857,P032,5
O0317,P012,4
O0039,P006,1
O0239,P039,2
O0021,P034,4
O0001,P022,5
O0207,P009,3
O0735,P012,3
O0061,P002,2
O0601,P046,2
O0793,P008,5
O0882,P024,1
O0383,P046,4
O0601,P007,3
O0310,P021,2
O1000,P011,4
O0811,P041,4
O0665,P021,2
O0725,P036,5
O0806,P023,2
O0682,P038,2
O0388,P020,3
O0131,P012,1
O0972,P045,5
O0401,P050,5
O0034,P012,5
O0326,P040,2
O0655,P037,1
O0960,P032,2
O0340,P048,1
O0244,P023,3
O0172,P041,1
O0842,P046,3
O0458,P001,3
O0215,P016,1
O0359,P017,1
O0738,P001,1
O0396,P029,4
O0993,P011,4
O0505,P025,3
O0560,P025,1
O0849,P031,5
O0667,P049,2
O0167,P029,1
O0819,P003,3
O0021,P021,3
O0975,P007,1
O0351,P011,4
O0165,P047,1
O0561,P006,3
O0609,P040,4
O0722,P002,4
O0966,P042,2
O0622,P028,2
O0055,P007,3
O0211,P013,4
O0714,P036,5
O0272,P043,3
O0305,P016,1
O0051,P026,5
O0563,P032,2
O0056,P024,1
O0438,P006,3
O0844,P043,5
O0492,P013,1
O0027,P014,2
O0654,P019,1
O0485,P008,3
O0804,P026,4
O0501,P043,3
O0094,P042,5
O0397,P012,3
O0907,P025,3
O0192,P029,1
O0270,P029,4
O0270,P015,3
O0578,P004,2
O0771,P045,1
O0088,P043,3
O0828,P035,4
O0995,P049,5
O0233,P036,1
O0861,P025,5
O0429,P035,4
O0587,P016,4
O0307,P006,4
O0925,P046,1
O0515,P037,5
O0820,P037,5
O0151,P008,4
O0178,P011,2
O0828,P013,2
O0044,P028,1
O0700,P028,2
O0843,P041,2
O0855,P039,3
O0328,P047,1
O0090,P025,5
O0407,P036,3
O0878,P018,5
O0470,P001,5
O0602,P034,4
O0116,P027,2
O0152,P037,5
O0597,P049,1
O0948,P007,5
O0799,P007,3
O0889,P035,3
O0899,P027,3
O0393,P042,4
O0586,P039,4
O0039,P012,3
O0413,P010,5
O0624,P044,4
O0040,P026,3
O0708,P016,1
O0764,P031,3
O0919,P024,1
O0346,P020,3
O0288,P032,1
O0996,P015,2
O0308,P048,4
O0793,P021,3
O0747,P027,5
O0662,P006,2
O0453,P014,4
O0759,P032,5
O0889,P024,1
O0528,P011,1
O0319,P046,5
O0414,P009,5
O0901,P037,1
O0178,P013,2
O0858,P004,2
O0034,P030,1
O0941,P024,2
O0281,P024,4
O0518,P026,1
O0698,P002,2
O0382,P032,5
O0457,P012,4
O0601,P036,3
O0353,P011,3
O0767,P045,1
O0292,P002,4
O0051,P011,5
O0799,P014,2
O0663,P015,2
O0276,P042,4
O0526,P002,1
O0486,P009,2
O0616,P001,2
O0259,P039,3
O0730,P046,3
O0434,P025,3
O0471,P017,2
O0478,P020,5
O0845,P040,4
O0599,P007,1
O0524,P043,3
O0575,P042,5
O0624,P019,3
O0701,P007,4
O0066,P022,3
O0656,P021,3
O0268,P042,3
O0193,P010,5
O0784,P016,1
O0825,P039,4
O0677,P021,2
O0739,P002,4
O0303,P017,4
O0415,P025,1
O0598,P046,5
O0836,P013,3
O0744,P046,2
O0703,P035,4
O0929,P043,3
O0520,P020,2
O0861,P043,5
O0186,P019,1
O0483,P009,3
O0743,P036,2
O0970,P044,3
O0671,P006,2
O0364,P015,3
O0431,P022,3
O0267,P038,3
O0475,P008,4
O0055,P041,5
O0595,P040,1
O0484,P013,5
O0123,P044,4
O0543,P020,4
O0056,P010,2
O0206,P022,4
O0584,P030,2
O0324,P046,2
O0798,P006,4
O0341,P041,2
O0321,P041,1
O0005,P029,3
O0215,P049,2
O0591,P049,2
O0502,P049,1
O0133,P040,4
O0649,P028,4
O0440,P031,4
O0005,P003,5
O0205,P047,3
O0973,P001,3
O0776,P034,2
O0019,P044,1
O0642,P047,2
O0232,P045,3
O0320,P009,1
O0393,P033,5
O0314,P011,1
O0844,P003,3
O0972,P019,4
O0746,P034,5
O0537,P022,4
O0910,P044,2
O0351,P032,3
O0769,P013,2
O0971,P026,1
O0234,P015,2
O0217,P047,1
O0604,P033,2
O0127,P024,1
O0385,P041,3
O0790,P035,5
O0050,P039,1
O0678,P007,1
O0050,P045,1
O0427,P029,4
O0127,P036,3
O0486,P045,2
O0211,P045,1
O0309,P027,1
O0679,P034,3
O0638,P039,2
O0429,P007,5
O0737,P040,1
O0290,P008,1
O0510,P013,5
O0205,P050,3
O0852,P034,2
O0367,P046,4
O0303,P011,1
O0562,P032,2
O0705,P031,3
O0241,P001,1
O0688,P006,1
O0856,P037,4
O0153,P006,5
O0077,P047,1
O0927,P017,2
O0468,P019,3
O0476,P004,1
O0833,P012,1
O0873,P019,3
O0821,P044,3
O0437,P048,1
O0098,P049,1
O0010,P009,2
O0337,P023,4
O0979,P040,3
O0900,P047,1
O0382,P022,2
O0117,P026,4
O0986,P030,3
O0856,P025,4
O0820,P027,2
O0116,P009,1
O0966,P011,1
O0427,P038,4
O0822,P037,4
O0186,P040,4
O0798,P023,5
O0030,P044,2
O0495,P032,1
O0909,P027,4
O0048,P005,3
O0671,P021,1
O0722,P044,5
O0786,P048,5
O0742,P037,2
O0979,P043,3
O0532,P034,5
O0098,P028,2
O0494,P023,4
O0153,P036,5
O0056,P001,2
O0518,P031,4
O0891,P011,1
O0770,P032,3
O0247,P022,3
O0052,P033,2
O0564,P042,4
O0413,P016,1
O0471,P029,5
O0459,P006,4
O0458,P021,1
O0510,P048,1
O0106,P026,4
O0037,P036,5
O0001,P006,5
O0987,P040,3
O0912,P033,5
O0212,P042,4
O0974,P022,3
O0846,P004,2
O0865,P030,3
O0574,P050,5
O0615,P031,3
O0734,P029,1
O0100,P049,2
O0003,P022,3
O0850,P041,3
O0561,P034,3
O0719,P007,1
O0919,P011,4
O0144,P046,4
O0110,P017,5
O0201,P013,1
O0953,P026,2
O0469,P013,3
O0111,P049,4
O0048,P041,5
O0127,P050,4
O0469,P043,5
O0980,P033,2
O0987,P032,1
O0544,P048,1
O0567,P028,5
O0495,P033,2
O0709,P038,2
O0749,P009,1
O0397,P043,5
O0621,P021,5
O0903,P025,4
O0624,P045,2
O0281,P026,3
O0994,P019,4
O0825,P009,2
O0423,P039,5
O0307,P045,5
O0882,P021,5
O0648,P014,2
O0215,P040,3
O0704,P023,2
O0728,P042,2
O0516,P035,3
O0728,P008,3
O0576,P031,5
O0585,P043,4
O0691,P048,5
O0293,P028,1
O0536,P007,1
O0391,P010,1
O0687,P004,2
O0274,P049,2
O0294,P044,3
O0150,P004,3
O0209,P049,5
O0034,P023,4
O0105,P040,5
O0886,P015,5
O0399,P016,5
O0804,P045,3
O0710,P043,1
O0949,P025,4
O0427,P044,3
O0990,P036,1
O0014,P048,3
O0208,P040,4
O0850,P015,3
O0774,P038,5
O0757,P039,2
O0795,P047,2
O0302,P029,2
O0700,P005,2
O0986,P012,5
O0123,P025,1
O0439,P018,5
O0271,P009,2
O0599,P017,1
O0339,P030,2
O0041,P010,3
O0612,P004,5
O0864,P043,3
O0503,P037,5
O0367,P005,3
O0539,P015,2
O0534,P005,5
O0164,P027,5
O0550,P026,1
O0358,P015,2
O0680,P022,3
O0370,P019,2
O0974,P049,5
O0544,P031,5
O0844,P049,1
O0118,P043,3
O0457,P016,5
O0941,P040,2
O0982,P003,3
O0391,P008,4
O0263,P035,3
O0026,P034,3
O0527,P033,4
O0499,P003,3
O0920,P042,2
O0329,P033,1
O0971,P007,2
O0995,P050,5
O0547,P001,1
O0216,P043,2
O0886,P044,4
O0856,P007,2
O0551,P045,4
O0663,P005,2
O0025,P030,3
O0039,P006,1
O0056,P012,3
O0572,P005,5
O0842,P015,3
O0418,P025,4
O0646,P026,4
O0324,P002,4
O0690,P008,5
O0007,P042,5
O0065,P049,5
O0047,P045,1
O0367,P033,1
O0297,P044,3
O0622,P006,3
O0784,P029,4
O0405,P043,1
O0486,P011,5
O0226,P009,4
O0816,P035,3
O0984,P041,2
O0306,P044,3
O0981,P001,5
O0896,P036,2
O0127,P003,1
O0587,P039,4
O0551,P036,1
O0313,P014,3
O0217,P027,5
O0146,P011,2
O0227,P040,3
O0199,P008,2
O0688,P037,1
O0872,P049,5
O0473,P042,5
O0075,P019,1
O0257,P007,2
O0744,P038,4
O0975,P022,3
O0132,P043,2
O0103,P019,5
O0072,P013,3
O0498,P029,3
O0632,P043,3
O0711,P038,2
O0580,P037,3
O0828,P021,4
O0173,P001,3
O0253,P015,4
O0284,P024,2
O0696,P047,3
O0899,P031,4
O0457,P023,3
O0499,P036,1
O0180,P042,5
O0084,P018,2
O0913,P035,2
O0270,P047,1
O0745,P005,1
O0870,P033,1
O0833,P038,5
O0415,P050,5
O0218,P003,5
O0267,P035,5
O0484,P042,2
O0375,P026,2
O0913,P050,5
O0751,P019,2
O0476,P033,5
O0093,P026,3
O0515,P001,2
O0869,P040,2
O0776,P033,2
O0457,P011,2
O0580,P037,2
O0754,P047,4
O0962,P023,1
O0225,P049,4
O0238,P005,3
O0379,P015,1
O0685,P014,5
O0930,P024,4
O0481,P030,1
O0041,P042,3
O0106,P046,5
O0649,P018,3
O0593,P035,5
O0179,P025,4
O0375,P038,1
O0530,P017,4
O0997,P015,5
O0416,P023,3
O0499,P031,5
O0007,P033,2
O0451,P011,2
O0079,P033,3
O0217,P010,2
O0162,P024,5
O0735,P008,2
O0425,P022,1
O0494,P044,4
O0491,P014,5
O0166,P042,4
O0023,P016,1
O0131,P037,5
O0165,P009,5
O0041,P037,2
O0058,P011,3
O0945,P012,5
O0982,P026,5
O0993,P037,1
O0900,P047,3
O0970,P006,2
O0460,P039,4
O0889,P031,2
O0225,P027,5
O0147,P038,2
O0639,P043,5
O0271,P011,3
O0945,P030,5
O0605,P005,2
O0388,P025,2
O0112,P002,2
O0536,P033,4
O0847,P010,5
O0099,P012,4
O0924,P040,5
O0040,P035,5
O0771,P008,1
O0494,P043,2
O0924,P039,5
O0848,P001,4
O0535,P027,3
O0896,P003,5
O0440,P015,4
O0809,P050,4
O0359,P038,5
O0101,P028,2
O0261,P031,2
O0932,P006,3
O0613,P035,4
O0264,P013,1
O0727,P048,1
O0592,P034,1
O0533,P001,4
O0671,P014,3
O0419,P024,1
O0159,P028,5
O0260,P017,5
O0434,P037,3
O0627,P018,4
O0774,P014,4
O0566,P036,4
O0184,P024,5
O0569,P031,3
O0315,P037,3
O0793,P046,4
O0754,P009,1
O0766,P015,4
O0802,P045,2
O0103,P014,5
O0411,P022,5
O0629,P045,1
O0165,P025,1
O0824,P006,2
O0483,P039,4
O0091,P005,3
O0228,P024,1
O0624,P003,4
O0954,P026,5
O0672,P034,3
O0729,P039,1
O0969,P050,2
O0656,P032,4
O0011,P013,5
O0293,P013,1
O0803,P039,5
O0529,P045,2
O0630,P011,1
O0369,P016,1
O1000,P011,1
O0283,P050,4
O0362,P043,4
O0416,P038,2
O0531,P001,1
O0942,P006,5
O0292,P047,5
O0937,P038,3
O0356,P018,2
O0621,P013,4
O0953,P026,5
O0005,P017,2
O0417,P033,1
O0573,P005,5
O0302,P022,1
O0823,P033,3
O0898,P035,5
O0257,P045,4
O0990,P025,5
O0496,P050,2
O0776,P022,4
O0698,P030,5
O0883,P002,4
O0120,P017,1
O0392,P041,2
O0694,P045,2
O0820,P021,4
O0979,P023,5
O0549,P001,3
O0255,P019,1
O0409,P044,3
O0078,P036,2
O0488,P021,3
O0224,P037,3
O0188,P048,2
O0511,P048,2
O0241,P048,2
O0894,P017,2
O0235,P013,2
O0857,P040,3
O0160,P050,1
O0123,P006,4
O0629,P001,5
O0981,P003,4
O0381,P040,3
O0505,P037,3
O0503,P012,5
O0287,P026,2
O0769,P037,2
O0056,P034,4
O0490,P035,1
O0515,P023,4
O0882,P044,2
O0469,P008,5
O0472,P021,1
O0013,P044,2
O0389,P038,1
O0334,P024,5
O0883,P017,2
O0562,P017,2
O0276,P031,5
O0352,P024,2
O0511,P028,2
O0430,P045,3
O0374,P026,3
O0462,P012,5
O0135,P037,2
O0834,P007,3
O0824,P016,5
O0443,P025,2
O0150,P048,2
O0485,P001,2
O0432,P032,2
O0915,P041,5
O0547,P047,3
O0805,P032,3
O0257,P036,5
O0049,P026,1
O0708,P011,1
O0221,P017,4
O0860,P041,1
O0461,P048,3
O0267,P024,3
O0574,P036,3
O0353,P002,4
O0125,P023,5
O0204,P037,5
O0666,P042,5
O0179,P050,3
O0364,P021,5
O0500,P050,4
O0911,P006,4
O0629,P019,4
O0647,P010,2
O0656,P022,4
O0647,P040,5
O0415,P005,1
O0166,P022,2
O0322,P021,3
O0728,P018,5
O0661,P026,3
O0909,P029,3
O0766,P038,5
O0989,P029,4
O0172,P012,1
O0129,P047,2
O0678,P017,1
O0216,P011,4
O0106,P007,1
O0960,P031,5
O0056,P002,4
O0537,P049,1
O0107,P017,5
O0160,P006,4
O0317,P015,2
O0756,P019,4
O0642,P009,2
O0540,P011,1
O0036,P043,3
O0882,P021,4
O0479,P035,3
O0562,P029,2
O0993,P045,5
O0182,P038,5
O0468,P041,5
O0446,P034,5
O0318,P023,4
O0553,P015,1
O0453,P020,3
O0423,P017,2
O0311,P001,1
O0536,P049,2
O0353,P019,4
O0548,P001,4
O0970,P049,4
O0307,P001,4
O0818,P019,5
O0237,P001,5
O0383,P013,4
O0904,P036,4
O0405,P016,2
O0733,P048,4
O0849,P025,2
O0270,P006,4
O0641,P016,5
O0783,P040,3
O0292,P042,5
O0829,P018,4
O0193,P005,2
O0140,P019,1
O0653,P030,5
O0464,P018,5
O0504,P013,3
O0020,P010,1
O0993,P035,1
O0191,P007,3
O0276,P009,4
O0745,P001,2
O0093,P010,1
O0506,P014,3
O0431,P020,4
O0381,P030,1
O0339,P006,2
O0058,P018,4
O0074,P035,4
O0186,P013,3
O0837,P025,1
O0125,P050,2
O0395,P050,4
O0254,P048,1
O0204,P030,1
O0534,P043,2
O0485,P025,3
O0959,P021,2
O0645,P047,1
O0763,P036,5
O0126,P017,4
O0654,P020,2
O0370,P004,2
O0997,P008,2
O0649,P028,3
O0016,P011,3
O0599,P008,4
O0809,P016,1
O0993,P003,5
O0803,P045,4
O0705,P039,2
O0381,P050,1
O0255,P011,4
O0094,P044,5
O0347,P049,1
O0062,P023,2
O0719,P035,1
O0129,P032,2
O0325,P036,3
O0825,P029,2
O0022,P045,4
O0367,P047,2
O0257,P003,4
O0724,P029,5
O0302,P035,4
O0195,P037,2
O0557,P023,3
O0750,P030,3
O0889,P039,5
O0165,P005,5
O0159,P029,3
O0840,P017,5
O0376,P030,1
O0795,P041,5
O0389,P047,2
O0905,P002,5
O0878,P024,5
O0245,P021,1
O0675,P035,4
O0195,P034,4
O0785,P036,2
O0628,P019,3
O0420,P042,3
O0114,P007,5
O0675,P005,1
O0856,P009,2
O0895,P003,2
O0110,P032,2
O0102,P003,5
O0658,P025,4
O0539,P040,5
O0263,P004,3
O0227,P039,1
O0014,P014,4
O0951,P006,4
O0821,P041,1
O0370,P036,4
O0842,P024,1
O0844,P040,3
O0542,P003,1
O0855,P020,1
O0968,P014,5
O0100,P007,2
O0545,P025,2
O0198,P034,2
O0584,P041,2
O0572,P048,5
O0426,P048,1
O0785,P041,5
O0367,P044,4
O0720,P043,4
O0905,P007,2
O0812,P012,5
O0412,P033,3
O0674,P011,5
O0615,P029,3
O0925,P021,5
O0333,P024,4
O0783,P041,4
O0846,P047,3
O0624,P016,5
O0559,P014,4
O0785,P036,3
O0369,P029,4
O0983,P026,1
O0744,P003,3
O0611,P002,5
O0139,P020,1
O0308,P015,2
O0877,P021,1
O0791,P045,3
O0942,P036,5
O0570,P037,5
O0159,P007,1
O0472,P023,2
O0142,P017,3
O0911,P038,2
O0239,P017,3
O0095,P037,4
O0583,P014,1
O0741,P021,4
O0178,P032,5
O0840,P007,5
O0658,P020,1
O0749,P037,4
O0081,P050,1
O0944,P050,3
O0357,P028,4
O0953,P008,2
O0766,P042,5
O0951,P001,4
O0056,P020,5
O0043,P021,5
O0579,P010,3
O0515,P045,2
O0157,P004,4
O0995,P029,5
O0590,P033,1
O0228,P028,3
O0806,P026,2
O0136,P022,1
O0488,P037,1
O0562,P026,3
O0088,P026,5
O0445,P050,2
O0781,P009,4
O0573,P013,4
O0405,P042,5
O0201,P036,5
O0754,P034,2
O0249,P005,3
O0796,P028,3
O0702,P037,1
O0116,P043,4
O0434,P024,3
O0196,P021,3
O0609,P042,1
O0789,P020,2
O0359,P040,4
O0639,P010,4
O0046,P015,2
O0702,P024,2
O0776,P047,1
O0116,P048,1
O0249,P040,2
O0890,P019,1
O0352,P045,1
O0313,P029,4
O0024,P022,2
O0758,P035,2
O0209,P035,5
O0769,P017,5
O0495,P040,2
O0712,P045,1
O0386,P038,5
O0045,P017,2
O0062,P019,2
O0809,P045,5
O0278,P004,4
O0671,P001,1
O0398,P043,3
O0679,P043,3
O0886,P007,1
O0300,P042,4
O0237,P025,5
O0727,P007,3
O0497,P039,5
O0091,P012,2
O0513,P030,5
O0949,P046,1
O0041,P016,5
O0313,P022,4
O0403,P048,2
O0019,P023,3
O0364,P041,3
O0242,P033,3
O0832,P004,3
O0900,P025,1
O0967,P036,3
O0231,P010,3
O0919,P026,2
O0090,P047,4
O0534,P044,5
O0894,P041,2
O0428,P016,5
O0157,P028,3
O0932,P039,3
O0460,P035,2
O0212,P042,2
O0595,P035,2
O0884,P009,3
O0706,P046,5
O0932,P009,4
O0931,P050,2
O0672,P037,2
O0326,P005,5
O0546,P047,1
O0189,P021,2
O0745,P002,3
O0902,P027,4
O0311,P029,3
O0156,P050,2
O0110,P009,2
O0027,P049,5
O0632,P018,5
O0581,P040,2
O0611,P015,2
O0704,P002,3
O0082,P045,4
O0138,P033,5
O0481,P046,3
O0189,P025,4
O0486,P009,2
O0198,P015,1
O0419,P049,1
O0948,P018,4
O0228,P048,2
O0776,P014,1
O0182,P029,5
O0502,P045,3
O0888,P030,2
O0438,P026,1
O0623,P048,4
O0738,P021,4
O0627,P048,5
O0609,P035,5
O0657,P046,1
O0534,P007,4
O0468,P003,2
O0532,P035,4
O0753,P003,5
O0397,P034,1
O0195,P019,4
O0408,P020,3
O0473,P011,4
O0302,P040,1
O0707,P034,2
O0475,P042,4
O0093,P047,5
O0116,P012,5
O0961,P045,5
O0139,P026,4
O0332,P029,1
O0184,P030,5
O0919,P046,2
O0904,P030,1
O0257,P021,2
O0736,P047,1
O0094,P008,4
O0650,P024,1
O0537,P046,4
O0745,P033,5
O0973,P011,4
O0564,P025,1
O0787,P011,3
O0580,P043,2
O0167,P010,2
O0788,P046,1
O0430,P020,3
O0748,P050,4
O0296,P041,2
O0121,P009,2
O0004,P040,3
O0013,P030,4
O0876,P032,5
O0827,P001,5
O0904,P032,2
O0223,P038,4
O0465,P027,4
O0082,P039,5
O0007,P016,5
O0285,P040,5
O0840,P014,1
O0190,P010,1
O0669,P023,1
O0149,P003,5
O0859,P039,3
O0340,P006,1
O0112,P027,2
O0166,P044,3
O0626,P043,5
O0587,P036,2
O0990,P030,5
O0369,P003,1
O0787,P020,3
O0378,P025,1
O0777,P028,5
O0067,P019,4
O0138,P008,3
O0338,P034,4
O0538,P014,2
O0627,P004,1
O0586,P047,5
O0090,P031,5
O0957,P046,3
O0438,P039,3
O0266,P034,5
O0639,P023,2
O0630,P037,4
O0533,P047,4
O0505,P012,5
O0239,P046,3
O0199,P001,1
O0025,P030,1
O0756,P014,5
O0425,P027,1
O0342,P023,5
O0826,P041,2
O0012,P041,2
O0707,P019,3
O0810,P005,3
O0308,P033,5
O0332,P050,1
O0117,P044,3
O0350,P026,5
O0631,P002,2
O0199,P022,3
O0945,P044,4
O0939,P031,1
O0662,P009,4
O0160,P041,4
O0914,P035,3
O0474,P027,1
O0856,P034,3
O0579,P047,3
O0569,P035,1
O0214,P037,3
O0819,P023,1
O0993,P010,3
O0861,P002,3
O0385,P041,5
O0863,P011,5
O0621,P025,2
O0610,P008,3
O0723,P021,1
O0279,P027,1
O0509,P016,3
O0463,P020,2
O0538,P020,2
O0115,P024,1
O0797,P013,1
O0455,P033,1
O0819,P031,5
O0158,P013,3
O0946,P031,5
O0318,P050,3
O0147,P050,1
O0842,P034,2
O0211,P047,1
O0471,P025,5
O0119,P001,3
O0955,P003,5
O0893,P006,3
O0479,P003,1
O0534,P050,3
O0024,P037,3
O0655,P014,3
O0206,P013,3
O0284,P035,3
O0792,P029,1
O0280,P010,2
O0281,P008,1
O0982,P040,5
O0527,P007,2
O0556,P023,5
O0327,P018,2
O0966,P046,3
O0588,P016,2
O0073,P020,5
O0914,P022,5
O0455,P004,2
O0030,P031,1
O0109,P025,1
O0089,P028,4
O0184,P046,5
O0913,P038,4
O0632,P023,3
O0341,P013,5
O0081,P049,4
O0582,P009,1
O0833,P045,4
O0100,P030,3
O0701,P042,4
O0482,P015,2
O0148,P040,3
O0935,P024,4
O0188,P045,3
O0808,P021,4
O0500,P002,1
O0487,P008,3
O0491,P030,2
O0290,P050,3
O0619,P037,2
O0521,P007,4
O0838,P046,1
O0334,P036,1
O0812,P020,5
O0473,P026,5
O0424,P016,5
O0250,P036,2
O0998,P031,4
O0068,P022,2
O0834,P045,5
O0442,P028,5
O0807,P022,5
O0711,P016,2
O0679,P043,1
O0758,P046,5
O0857,P032,1
O0607,P039,4
O0334,P036,1
O0842,P029,2
O0316,P026,1
O0613,P007,5
O0790,P025,3
O0507,P042,1
O0093,P014,2
O0909,P038,1
O0776,P010,2
O0464,P035,3
O0400,P040,5
O0458,P013,2
O0698,P021,3
O0584,P044,3
O0941,P028,3
O0092,P038,1
O0627,P033,4
O0868,P009,3
O0064,P024,5
O0992,P004,1
O0721,P036,3
O0113,P019,1
O0241,P028,5
O0404,P041,3
O0729,P025,4
O0391,P028,5
O0217,P043,2
O0487,P009,2
O0569,P025,3
O0861,P027,2
O0296,P043,2
O0138,P001,1
O0664,P002,2
O0739,P032,4
O0999,P009,1
O0141,P042,4
O0881,P030,5
O0953,P028,5
O0185,P030,5
O0435,P036,4
O0394,P023,2
O0191,P028,5
O0008,P037,4
O0868,P047,2
O0730,P033,3
O0421,P035,5
O0376,P003,1
O0582,P031,3
O0116,P038,4
O0985,P045,1
O0146,P047,5
O0880,P049,3
O0477,P034,1
O0536,P040,1
O0252,P031,1
O0701,P041,5
O0818,P038,3
O0628,P004,3
O0548,P050,1
O0481,P030,5
O0928,P031,5
O0752,P022,4
O0362,P019,3
O0172,P003,5
O0768,P020,5
O0267,P004,4
O0593,P011,5
O0053,P043,3
O0829,P048,5
O0028,P019,4
O0085,P009,5
O0079,P018,3
O0136,P040,3
O0282,P017,1
O0760,P008,5
O0179,P038,2
O0675,P029,3
O0828,P012,3
O0802,P045,2
O0497,P012,5
O0883,P003,3
O0087,P010,5
O0957,P010,4
O0771,P027,4
O0244,P043,4
O0744,P041,2
O0216,P037,3
O0056,P042,3
O0774,P008,1
O0172,P030,4
O0488,P020,4
O0765,P049,5
O0240,P025,4
O0486,P017,2
O0544,P028,1
O0296,P029,4
O0695,P021,5
O0700,P003,1
O0940,P035,3
O0980,P028,5
O0941,P042,3
O0344,P018,3
O0822,P007,3
O0671,P038,4
O0473,P050,2
O0752,P044,5
O0789,P013,5
O0346,P044,2
O0321,P036,1
O0689,P001,1
O0013,P027,1
O0538,P007,4
O0360,P015,3
O0258,P013,1
O0025,P040,1
O0059,P039,2
O0974,P039,1
O0726,P008,1
O0877,P039,2
O0385,P043,5
O0823,P012,1
O0713,P012,3
O0302,P030,1
O0655,P030,3
O0788,P028,3
O0264,P011,1
O0284,P050,1
O0392,P025,3
O0062,P017,3
O0183,P029,1
O0504,P013,5
O0403,P012,4
O0112,P010,5
O0788,P028,2
O0629,P042,1
O0935,P029,3
O0106,P003,1
O0073,P037,3
O0796,P029,1
O0919,P032,2
O0669,P041,1
O0956,P003,4
O0273,P010,3
O0927,P026,5
O0004,P033,4
O0490,P028,4
O0865,P047,1
O0554,P015,1
O0394,P045,4
O0125,P037,5
O0958,P023,3
O0699,P020,4
O0057,P041,1
O0375,P035,3
O0083,P030,3
O0664,P013,2
O0568,P003,4
O0677,P013,3
O0713,P025,1
O0646,P045,3
O0499,P006,4
O0753,P013,2
O0037,P013,1
O0738,P038,2
O0501,P025,1
O0812,P035,3
O0512,P035,4
O0990,P002,1
O0348,P004,3
O0807,P047,1
O0416,P008,2
O0827,P042,5
O0470,P044,5
O0153,P048,5
O0239,P005,1
O0754,P010,4
O0670,P002,4
O0929,P040,1
O0249,P045,2
O0015,P012,1
O0927,P020,1
O0468,P040,2
O0856,P038,1
O0838,P007,1
O0510,P039,5
O0226,P005,2
O0437,P022,4
O0333,P008,5
O0559,P009,3
O0857,P014,1
O0608,P012,3
O0065,P008,3
O0145,P049,4
O0173,P045,3
O0567,P011,4
O0250,P038,1
O0137,P007,5
O0386,P050,2
O0017,P032,1
O0007,P001,2
O0949,P006,5
O0909,P019,4
O0711,P050,4
O0709,P009,2
O0147,P041,3
O0536,P029,4
O0245,P012,5
O0709,P003,5
O0185,P046,4
O0627,P006,3
O0357,P027,1
O0572,P016,2
O0121,P034,1
O0634,P024,5
O0520,P015,4
O0789,P041,2
O0284,P004,2
O0116,P010,4
O0510,P012,2
O0687,P003,1
O0661,P024,3
O0215,P028,3
O0343,P040,4
O0045,P007,1
O0948,P035,2
O0162,P002,4
O0528,P008,1
O0917,P016,4
O0607,P038,3
O0430,P013,3
O0236,P050,1
O0334,P015,1
O0243,P048,4
O0891,P013,4
O0913,P015,1
O0483,P038,4
O0056,P028,2
O0222,P040,4
O0183,P025,3
O0140,P030,2
O0648,P023,3
O0208,P022,2
O0033,P045,5
O0062,P018,2
O0114,P030,4
O0429,P011,3
O0226,P019,5
O0161,P041,5
O0928,P011,5
O0994,P036,2
O0089,P027,5
O0501,P014,5
O0485,P030,3
O0015,P047,4
O0754,P016,2
O0336,P028,5
O0228,P038,2
O0936,P037,1
O0428,P003,1
O0482,P047,5
O0035,P028,5
O0404,P031,1
O0464,P032,2
O0086,P036,1
O0710,P047,4
O0973,P014,2
O0368,P019,2
O0664,P006,1
O0492,P043,3
O0166,P046,4
O0879,P037,5
O0025,P030,4
O0791,P009,4
O0190,P024,4
O0721,P041,1
O0882,P041,1
O0395,P045,3
O0544,P003,3
O0437,P049,3
O0715,P040,5
O0590,P014,1
O0636,P022,1
O0528,P044,3
O0910,P004,1
O0393,P024,4
O0634,P003,3
O0376,P012,5
O0722,P005,5
O0727,P050,2
O0142,P022,2
O0553,P008,4
O0756,P049,5
O0893,P045,2
O0772,P048,2
O0329,P023,3
O0516,P044,4
O0284,P004,1
O0382,P023,4
O0498,P033,5
O0850,P008,4
O0727,P035,5
O0922,P019,4
O0636,P024,1
O0193,P030,1
O0083,P026,2
O0296,P005,1
O0169,P018,1
O0714,P010,4
O0155,P014,5
O0975,P041,1
O0301,P027,5
O0955,P009,4
O0356,P027,4
O0756,P042,1
O0299,P013,1
O0023,P015,5
O0661,P022,4
O0593,P022,3
O0498,P038,5
O0863,P036,4
O0469,P020,5
O0136,P020,2
O0809,P017,2
O0496,P024,3
O0789,P004,2
O0362,P019,4
O0980,P011,5
O0947,P011,5
O0293,P012,2
O0860,P046,2
O0166,P016,1
O0043,P021,5
O0130,P029,3
O0379,P012,2
O0576,P046,1
O0682,P021,3
O0152,P024,4
O0553,P011,5
O0309,P008,1
O0415,P032,2
O0971,P030,3
O0160,P001,5
O1000,P033,3
O0663,P046,3
O0486,P019,5
O0683,P010,5
O0747,P029,3
O0706,P008,4
O0922,P003,2
O0695,P036,1
O0316,P002,4
O0633,P015,4
O0366,P006,3
O0057,P039,2
O0598,P034,2
O0801,P050,3
O0201,P002,1
O0552,P029,1
O1000,P033,4
O0200,P032,3
O0618,P039,5
O0967,P004,3
O0408,P010,4
O0379,P025,3
O0013,P019,3
O0360,P020,4
O0896,P036,1
O0221,P047,4
O0760,P027,4
O0296,P011,4
O0747,P027,2
O0856,P038,5
O0089,P010,2
O0311,P031,5
O0344,P005,5
O0775,P025,1
O0007,P027,3
O0425,P012,5
O0474,P046,5
O0774,P009,2
O0191,P025,3
O0568,P032,1
O0843,P020,5
O0312,P032,5
O0758,P030,2
O0028,P001,2
O0269,P020,4
O0128,P042,3
O0428,P012,4
O0929,P045,2
O0030,P008,3
O0505,P005,5
O0764,P024,5
O0493,P037,4
O0890,P017,4
O0998,P045,1
O0383,P033,5
O0018,P017,2
O0596,P004,2
O0328,P030,2
O0366,P011,1
O0280,P024,4
O0652,P023,1
O0297,P019,5
O0655,P005,5
O0199,P050,2
O0784,P007,5
O0771,P011,5
O0331,P021,3
O0278,P044,3
O0099,P035,5
O0361,P010,1
O0141,P034,3
O0382,P050,4
O0422,P022,2
O0105,P014,2
O0516,P015,2
O0815,P036,5
O0707,P034,5
O0730,P036,1
O0428,P030,1
O0120,P009,1
O0492,P023,3
O0708,P024,2
O0837,P029,5
O0536,P049,3
O0177,P046,3
O0030,P048,1
O0228,P009,2
O0705,P015,3
O0129,P014,2
O0081,P028,1
O0080,P002,4
O0776,P028,1
O0202,P007,1
O0813,P043,5
O0608,P004,4
O0122,P017,1
O0068,P020,1
O0773,P007,1
O0943,P039,2
O0602,P013,2
O0687,P023,1
O0093,P010,3
O0972,P038,3
O0361,P011,5
O0800,P047,5
O0248,P033,5
O0070,P007,5
O0782,P001,5
O0223,P046,2
O0988,P019,2
O0924,P049,5
O0005,P047,1
O0947,P014,5
O0872,P046,4
O0376,P045,5
O0190,P029,1
O0186,P023,4
O0435,P014,5
O0234,P027,1
O0780,P021,1
O0478,P008,5
O0140,P032,3
O0722,P019,5
O0740,P003,1
O0336,P032,1
O0395,P019,4
O0615,P048,3
O0704,P029,2
O0568,P027,3
O0876,P028,2
O0878,P005,4
O0962,P044,3
O0184,P001,4
O0689,P007,4
O0449,P034,1
O0123,P010,4
O0411,P045,5
O0105,P048,2
O0067,P024,2
O0347,P013,5
O0865,P026,1
O0239,P028,4
O0286,P049,5
O0608,P018,4
O0365,P031,5
O0973,P026,4
O0524,P018,2
O0787,P030,1
O0126,P017,4
O0510,P015,2
O0031,P007,1
O0851,P005,4
O0695,P002,2
O0392,P039,3
O0157,P020,5
O0639,P007,1
O0677,P049,5
O0786,P032,4
O0207,P019,4
O0503,P033,3
O0556,P022,5
O0560,P002,1
O0441,P008,4
O0461,P021,4
O0454,P030,1
O0034,P012,5
O0676,P050,3
O0906,P046,2
O0504,P028,2
O0320,P046,4
O0500,P049,1
O0583,P044,4
O0676,P036,5
O0586,P031,4
O0576,P011,5
O0058,P026,3
O0507,P038,4
O0632,P044,3
O0785,P019,3
O0063,P002,5
O0047,P009,3
O0358,P048,5
O0028,P049,3
O0390,P007,4
O0354,P023,4
O0360,P004,2
O0254,P016,3
O0607,P006,1
O0890,P020,1
O0346,P011,1
O0552,P021,1
O0472,P043,4
O0582,P033,4
O0274,P002,4
O0603,P002,3
O0387,P037,4
O0331,P037,1
O0828,P032,1
O0708,P044,2
O0345,P032,5
O0831,P049,3
O0171,P040,3
O0373,P028,2
O0509,P041,1
O0861,P035,2
O0295,P017,1
O0305,P037,4
O0824,P015,5
O0761,P006,5
O0098,P038,3
O0280,P005,5
O0821,P034,4
O0438,P014,3
O0815,P005,3
O0517,P020,4
O0680,P035,3
O0205,P027,4
O0258,P040,5
O0465,P043,5
O0185,P002,5
O0884,P012,5
O0512,P014,4
O0275,P041,5
O0829,P040,4
O0958,P037,1
O0535,P013,3
O0474,P010,2
O0155,P048,3
O0865,P028,4
O0327,P005,2
O0867,P027,3
O0844,P019,2
O0263,P044,5
O0242,P026,2
O0117,P010,2
O0029,P016,3
O0476,P032,5
O0447,P028,1
O0207,P011,3
O0140,P002,3
O0809,P018,5
O0181,P042,1
O0987,P047,4
O0802,P002,1
O0881,P006,3
O0617,P020,1
O0923,P027,3
O0688,P043,1
O0407,P047,2
O0242,P008,5
O0753,P033,1
O0535,P043,5
O0973,P050,5
O0258,P032,1
O0244,P039,1
O0792,P021,3
O0853,P038,4
O0826,P048,2
O0958,P028,2
O0148,P007,2
O0220,P018,4
O0419,P017,5
O0058,P032,5
O0384,P045,1
O0325,P035,4
O0487,P044,2
O0987,P018,2
O0372,P031,3
O0842,P020,1
O0661,P039,1
O0862,P048,1
O0708,P043,2
O0260,P036,4
O0317,P041,3
O0925,P044,1
O0548,P016,4
O0398,P001,4
O0950,P017,3
O0093,P049,2
O0305,P014,2
O0938,P029,3
O0901,P050,4
O0809,P003,3
O0888,P006,4
O0483,P048,4
O0949,P022,4
O0898,P007,2
O0716,P017,5
O0068,P023,4
O0617,P047,5
O0756,P021,4
O0712,P002,1
O0657,P042,2
O0646,P029,2
O0004,P026,2
O0644,P020,3
O0590,P006,1
O0162,P016,5
O0731,P050,2
O0868,P039,4
O0812,P021,4
O0490,P048,2
O0267,P012,5
O0847,P021,3
O0204,P006,4
O0377,P012,4
O0898,P025,5
O0230,P002,1
O0946,P036,5
O0642,P015,1
O0998,P030,2
O0269,P045,2
O0051,P026,5
O0440,P039,3
O0153,P006,3
O0175,P037,1
O0015,P046,5
O0446,P050,4
O0848,P044,4
O0122,P015,2
O0196,P018,3
O0765,P032,4
O0134,P028,2
O0615,P014,3
O0745,P044,2
O0429,P012,4
O0812,P010,1
O0298,P017,2
O0633,P029,2
O0379,P038,4
O0088,P001,4
O0137,P021,4
O0704,P014,4
O0726,P028,5
O0263,P005,1
O0571,P004,1
O0341,P016,4
O0931,P023,5
O0962,P043,5
O0727,P048,1
O0006,P017,5
O0635,P025,3
O0405,P043,3
O0136,P036,1
O0595,P012,3
O0174,P033,4
O0953,P022,4
O0136,P006,3
O0728,P034,4
O0146,P017,1
O0321,P003,2
O0512,P018,3
O0949,P028,3
O0925,P017,5
O0850,P049,3
O0530,P021,4
O0915,P011,3
O0755,P032,2
O0570,P043,4
O0055,P013,2
O0056,P015,2
O0037,P031,3
O0168,P046,4
O0447,P008,4
O0042,P029,3
O0727,P036,4
O0469,P032,1
O0867,P047,2
O0127,P023,1
O0209,P019,2
O0855,P011,5
O0843,P018,5
O0913,P043,5
O0218,P038,1
O0539,P050,5
O0185,P027,1
O0253,P050,4
O0694,P007,3
O0027,P019,1
O0404,P024,5
O0952,P007,3
O0158,P002,1
O0472,P046,4
O0465,P041,3
O0609,P043,1
O0338,P003,5
O0974,P029,3
O0971,P047,5
O0133,P014,1
O0821,P042,3
O0331,P004,1
O0561,P039,4
O0095,P026,3
O0183,P016,4
O0092,P002,2
O0167,P025,4
O0292,P042,2
O0124,P020,4
O0821,P028,3
O0926,P044,5
O0135,P023,1
O0853,P024,5
O0205,P032,4
O0907,P025,4
O0275,P037,5
O0434,P006,4
O0831,P024,5
O0191,P028,4
O0096,P003,5
O0350,P030,2
O0664,P044,2
O0954,P032,5
O0645,P042,5
O0086,P019,4
O0448,P006,4
O0308,P010,2
O0701,P020,2
O0536,P028,3
O0583,P004,5
O0079,P003,5
O0111,P033,4
O0423,P007,4
O0677,P047,5
O0833,P017,3
O0261,P038,1
O0788,P033,1
O0117,P048,4
O0184,P012,4
O0047,P006,4
O0898,P046,3
O0322,P038,4
O0776,P043,4
O0639,P017,3
O0990,P012,2
O0190,P006,5
O0266,P044,1
O0445,P035,1
O0006,P026,1
O0014,P011,4
O0472,P045,4
O0890,P043,5
O0744,P032,3
O0634,P040,3
O0708,P044,4
O0824,P020,1
O0129,P009,1
O0196,P008,1
O0713,P013,1
O0215,P031,2
O0666,P016,4
O0863,P041,5
O0196,P006,3
O0789,P030,2
O0486,P028,1
O0120,P011,2
O0757,P045,4
O0987,P032,4
O0021,P029,5
O0249,P013,3
O0584,P026,1
O0342,P001,1
O0646,P046,4
O0426,P032,5
O0611,P047,5
O0298,P003,4
O0410,P032,5
O0606,P047,5
O0958,P044,4
O0238,P046,1
O0541,P002,4
O0591,P021,5
O0066,P018,4
O0911,P031,1
O0507,P040,3
O0460,P045,4
O0022,P011,3
O0744,P013,4
O0353,P029,2
O0520,P015,5
O0931,P044,3
O0944,P039,4
O0135,P019,4
O0983,P027,3
O0816,P031,2
O0637,P014,3
O0708,P048,1
O0684,P031,2
O0178,P013,2
O0621,P032,1
O0813,P027,4
O0311,P016,2
O0571,P004,1
O0368,P017,3
O0694,P011,2
O0848,P033,1
O0827,P005,3
O0441,P008,5
O0233,P008,5
O0230,P032,3
O0349,P023,1
O0789,P036,3
O0918,P010,5
O0619,P043,1
O0724,P004,4
O0819,P030,1
O0999,P007,5
O0625,P007,5
O0043,P033,1
O0172,P041,1
O0892,P014,3
O0161,P047,3
O0726,P029,5
O0511,P047,1
O0158,P042,3
O0343,P009,1
O0869,P013,4
O0993,P027,1
O0252,P031,3
O0294,P033,2
O0088,P018,3
O0733,P049,4
O0370,P041,2
O0156,P049,5
O0432,P015,2
O0822,P028,4
O0941,P027,4
O0975,P034,3
O0967,P002,4
O0150,P050,1
O0735,P034,1
O0087,P022,3
O0412,P050,2
O0445,P004,4
O0778,P003,2
O0925,P037,1
O0647,P046,5
O0997,P019,4
O0412,P044,5
O0895,P020,3
O0932,P023,1
O0847,P018,5
O0626,P010,4
O0457,P042,2
O0909,P035,5
O0808,P040,4
O0715,P023,4
O0795,P013,3
O0087,P003,5
O0343,P025,2
O0533,P035,3
O0219,P006,5
O0566,P020,5
O0349,P049,2
O0024,P002,5
O0607,P017,2
O0853,P050,3
O0744,P028,5
O0114,P047,1
O0862,P024,3
O0643,P033,3
O0127,P004,1
O0460,P020,5
O0755,P001,4
O0348,P016,5
O0580,P046,5
O0865,P039,2
O0359,P020,3
O0683,P046,5
O0689,P009,4
O0533,P048,2
O0108,P021,5
O0597,P013,3
O0466,P007,2
O0729,P028,4
O0084,P006,1
O0436,P009,4
O0220,P029,1
O0379,P044,5
O0413,P038,5
O0532,P050,4
O0893,P017,5
O0511,P041,4
O0451,P045,4
O0750,P027,2
O0148,P033,2
O0497,P046,4
O0133,P046,5
O0884,P034,1
O0712,P014,4
O0485,P003,2
O0967,P036,3
O0944,P008,5
O0873,P027,1
O0124,P024,5
O0297,P003,5
O0157,P008,3
O0313,P024,3
O0302,P032,1
O0811,P010,2
O0803,P038,4
O0050,P020,3
O0221,P012,4
O0003,P008,5
O0358,P005,1
O0428,P031,5
O0318,P037,4
O0922,P022,4
O0487,P047,5
O0136,P049,2
O0517,P041,4
O0780,P029,4
O0153,P047,3
O0092,P040,5
O0420,P025,2
O0922,P026,3
O0554,P003,4
O0754,P018,1
O0887,P011,1
O0586,P041,3
O0575,P042,1
O0660,P036,1
O0198,P040,5
O0591,P049,1
O0981,P037,5
O0194,P049,4
O0515,P002,1
O0675,P035,2
O0986,P002,3
O0806,P014,2
O0850,P046,5
O0455,P006,5
O0622,P021,4
O0604,P003,4
O0883,P002,3
O0448,P012,4
O0025,P034,3
O0392,P017,1
O0118,P007,5
O0173,P019,2
O0188,P017,1
O0158,P020,4
O0695,P011,1
O0630,P021,2
O0028,P046,1
O0306,P025,1
O0328,P010,4
O0915,P021,3
O0385,P008,1
O0208,P016,5
O0601,P016,4
O0521,P049,5
O0395,P008,3
O0063,P021,4
O0567,P027,1
O0496,P002,4
O0649,P015,1
O0276,P036,5
O0692,P007,2
O0782,P036,2
O0312,P037,4
O0457,P006,5
O0209,P010,3
O0554,P011,2
O0551,P028,5
O0463,P003,1
O0833,P030,5
O0297,P042,2
O0001,P004,4
O0280,P039,3
O0860,P044,4
O0360,P041,2
O0600,P033,3
O0047,P011,5
O0577,P005,3
O0092,P026,1
O0851,P009,5
O0287,P028,2
O0626,P033,3
O0906,P044,3
O0651,P017,4
O0280,P016,3
O0350,P014,4
O0983,P039,3
O0017,P045,2
O0662,P001,5
O0488,P001,1
O0689,P012,4
O0570,P045,4
O0781,P026,5
O0084,P042,1
O0552,P002,4
O0689,P008,3
O0996,P025,5
O0367,P025,2
O0860,P050,1
O0128,P030,3
O0959,P013,4
O0010,P015,1
O0777,P018,3
O0197,P006,5
O0641,P020,2
O0240,P032,3
O0038,P018,4
O0927,P046,5
O0215,P001,2
O0841,P041,4
O0114,P018,5
O0513,P032,2
O0566,P013,5
O0689,P044,5
O0579,P012,1
O0603,P009,1
O0131,P017,5
O0877,P015,5
O0747,P018,2
O0869,P044,1
O0994,P045,5
O0630,P017,5
O0905,P030,1
O0961,P028,1
O0875,P021,4
O0865,P027,3
O0125,P044,5
O0478,P032,3
O0530,P049,1
O0906,P047,2
O0049,P018,4
O0546,P029,3
O0006,P026,2
O0343,P006,5
O0828,P002,2
O0707,P028,1
O0940,P016,2
O0169,P022,3
O0065,P041,1
O0029,P031,4
O0828,P002,5
O0817,P041,3
O0861,P017,2
O0111,P031,2
O0982,P022,1
O0842,P022,5
O0814,P016,1
O0795,P039,5
O0450,P049,1
O0641,P029,5
O0128,P006,1
O0939,P003,4
O0321,P045,1
O0834,P014,1
